FactID	Fact_Statement	True/False
3603525	Camp Rock stars Nick Jonas.	1.0
3818307	Santa Barbara, California is Robert Mitchum's nascence place.	0.0
3812179	Franklin D. Roosevelt's subsidiary is Warm Springs, Georgia.	0.0
3848183	Rome is Alfonso XIII of Spain's last place.	1.0
3614064	Camp Rock stars Hugh Keays-Byrne.	0.0
3867375	Robert De Niro's birth place is New York City.	1.0
3813137	Aeschylus' death place is Eleusis.	0.0
3236962	Marvin Williams's team is Charlotte Hornets	1.0
3420389	A Calculus of Angels' author is Gregory Keyes.	1.0
3442184	Ted Harbert is Chelsea Handler's better half.	0.0
3266599	Hassan Whiteside's team is Portland Trail Blazers	1.0
3225165	Nazr Mohammed's team is Golden State Warriors.	0.0
4330918	New York City is IBM's innovation place.	0.0
3412986	Poul Anderson is The Boat of a Million Years' generator.	1.0
3859067	Gene Kelly's death place is Beverly Hills, California.	1.0
3210146	Kyle Kuzma's team is Los Angeles Lakers	1.0
3383019	Jan Peter Balkenende's award is Netherlands.	0.0
4379388	Sunnyvale, California is Interwoven's innovation place.	1.0
3810658	Yahoo!'s subsidiary is BlueLithium.	1.0
3449146	Robert Rodriguez's spouse is Rose McGowan.	1.0
3415450	Demi Moore is Sara Maldonado's better half.	0.0
3805131	John A. Macdonald's death place is Ottawa.	1.0
3221317	Maxi Kleber's team is Dallas Mavericks	1.0
3858354	Kumasi is Kofi Annan's last place.	0.0
3336569	Nobel Prize in Literature is Herbert Spencer Gasser's honour.	0.0
3282975	Andrei Kirilenko's team is Indiana Pacers.	0.0
3410924	Susannah Harker's spouse is Seal (musician).	0.0
3316285	Max von Laue's award is Nobel Prize in Literature.	0.0
3814745	Santiago de las Vegas is Italo Calvino's death place.	0.0
3628149	Camp Rock stars Ed Harris.	0.0
3817585	Nazr Mohammed's death place is Oklahoma City Thunder.	0.0
3468871	A Canticle for Leibowitz's author is Philip Wylie.	0.0
3420748	The Truce at Bakura's author is Dan Simmons.	0.0
3803384	John F. Kennedy's death place is Dallas.	1.0
4359309	New Zealand is Xero (software)'s foundation place.	1.0
3357864	Nobel Peace Prize is Jacinto Benavente's honour.	0.0
3609982	Stars Lund has been QlikTeched QlikTech.	0.0
3385345	Nobel Prize in Literature is Roger Martin du Gard's honour.	1.0
3448104	Anders Fogh Rasmussen's office is Iraq.	0.0
3403156	Canada is Edward Heath's role.	0.0
3805667	Belgrade is Jelena Janković's nascence place.	1.0
3414796	Kelis' spouse is Tom Cruise.	0.0
3417475	Malaysia is Mahathir Mohamad's role.	1.0
3885695	Lincoln, Nebraska is Dick Cheney's nascence place.	1.0
3878297	Errol Flynn's death place is Vancouver.	1.0
3243613	Grayson Allen's team is Memphis Grizzlies	1.0
3879903	Tacoma, Washington is Bing Crosby's nascence place.	1.0
3339005	Nobel Prize in Literature is Jimmy Carter's honour.	0.0
4330489	Warwickshire is Codemasters' innovation place.	1.0
3856636	Stephen King's birth place is Portland, Maine.	1.0
3812706	Burt Lancaster's death place is Los Angeles.	1.0
4391108	Acronis' foundation place is United States.	1.0
4329088	Belleville, Illinois is Siebel Systems' innovation place.	0.0
3392191	Nobel Prize in Literature is John Galsworthy's honour.	1.0
3614099	2012 (film) stars Lucas Grabeel.	0.0
3241038	Darius Bazley's team is Oklahoma City Thunder	1.0
3841802	Enrique O'Donnell, Conde del Abisbal's birth place is Cádiz.	1.0
3862446	PayPal is EBay's last place.	0.0
3821360	Elie Wiesel's birth place is Sighetu Marmației.	1.0
3284801	Ian Mahinmi's team is Washington Wizards	1.0
3828206	Count Basie's death place is Hollywood, Florida.	1.0
3899449	Omaha, Nebraska is Andy Roddick's nascence place.	1.0
3814430	New York City is Richard Rodgers' last place.	1.0
3316968	Nobel Prize in Literature is Derek Walcott's honour.	1.0
3417882	Nicholas Tse's spouse is Cecilia Cheung.	1.0
3389258	Nobel Prize in Literature is Shmuel Yosef Agnon's award.	1.0
3663154	Om Shanti Om stars Shah Rukh Khan.	1.0
3290202	Dallas Mavericks is Carlos Boozer's squad.	0.0
3465536	Tony Rothman is Options (novel)'s author.	0.0
3454223	Pakistan is Benazir Bhutto's role.	1.0
4381768	MontaVista's foundation place is Washington (state).	0.0
3810676	Ascend Communications' subsidiary is Snapfish.	0.0
3848722	Nuremberg is Hermann Göring's death place.	1.0
3433818	Netherlands is Kakuei Tanaka's role.	0.0
3213978	Cam Reddish's team is Atlanta Hawks	1.0
3881058	Ulm is Albert Einstein's nascence place.	1.0
3496532	Camp Rock's office is Joe Jonas.	0.0
3846855	New York City is David Bowie's nascence place.	0.0
3493357	J. M. Coetzee's spouse is Nobel Prize in Literature.	0.0
3813543	Eleftherios Venizelos' birth place is Paris.	0.0
4396222	Critical Path, Inc.'s foundation place is Seattle.	0.0
4303508	Angoss' foundation place is Montreal.	0.0
3346801	Herbert A. Hauptman's award is Nobel Prize in Chemistry.	1.0
3858516	Elliott Kastner's birth place is Harlem.	1.0
3459734	Spain is Nuri as-Said's role.	0.0
3413826	Portland Trail Blazers is Steve Blake's better half.	0.0
3418461	The World Is Round's author is Tony Rothman.	1.0
3379432	Pierre Harmel's award is Belgium.	0.0
3458222	The Urth of the New Sun's author is Cordwainer Smith.	0.0
3449253	Japan is Ryutaro Hashimoto's office.	1.0
3220723	Netherlands is Ruud Lubbers' squad.	0.0
3216513	Jordan Bone's team is Detroit Pistons	1.0
3399851	François Jacob's award is Nobel Prize in Literature.	0.0
3366519	Grazia Deledda's award is Nobel Prize in Physics.	0.0
3413428	Isaac Asimov is So Long, and Thanks for All the Fish's author.	0.0
3217830	Michael Kidd-Gilchrist's team is Charlotte Hornets	1.0
3257194	New York Knicks is Jason Terry's squad.	0.0
3215136	Boston Celtics is Metta World Peace's squad.	0.0
4389834	Seattle is Picnik's innovation place.	1.0
3882344	John Diefenbaker's death place is Ottawa.	1.0
3449364	Kyle Korver's office is Chicago Bulls.	0.0
3816544	Muhammad Ali's birth place is Louisville, Kentucky.	1.0
3657858	Camp Rock stars Demi Lovato.	1.0
3485659	Louis Botha's spouse is South Africa.	0.0
3262641	Miami Heat is Dwight Howard's squad.	0.0
3850160	Geneva is Jorge Luis Borges' last place.	1.0
3846245	Emmylou Harris' birth place is Birmingham, Alabama.	1.0
3619217	Last Action Hero stars Art Carney.	1.0
3616834	The Aristocats stars Hermione Gingold	1.0
3844588	Sharpham is Henry Fielding's birth place.	1.0
4362479	JetBrains' foundation place is Czech Republic.	1.0
3205550	Portland Trail Blazers is Nazr Mohammed's squad.	0.0
3614746	John C. Frémont stars New York City.	0.0
4368220	Microsoft's foundation place is Albuquerque, New Mexico.	1.0
4390604	Palm, Inc.'s foundation place is United States.	1.0
3617517	2012 (film) stars Barbara Hershey.	0.0
3620032	2012 (film) stars Alyson Stoner.	0.0
3214356	Marlon Brando is On the Waterfront's team.	0.0
3804112	Del Mar, California is Desi Arnaz's nascence place.	0.0
3829771	Cambridge is Olivia Newton-John's nascence place.	1.0
3220473	Cleveland Cavaliers is LeBron James' squad.	1.0
4314325	Munich is Codemasters' innovation place.	0.0
3816693	Siena is Italo Calvino's death place.	1.0
3827375	Albert Speer's death place is Mannheim.	0.0
3824435	Albert Speer's death place is London.	1.0
3414812	Brian Aldiss is Non-Stop (novel)'s author.	1.0
3217089	Shane Battier's team is Charlotte Bobcats.	0.0
3419160	Edwin Balmer is The Garden of Rama's generator.	0.0
3404105	Samuel Dalembert's spouse is Sacramento Kings.	0.0
3212717	Gerald Green's team is Boston Celtics.	1.0
3844804	Charlie Chaplin's birth place is Vevey.	0.0
3486351	Saddam Hussein's office is Iraq.	1.0
3473498	Utah Jazz is Al Jefferson's better half.	0.0
3215488	Deron Williams' team is Golden State Warriors.	0.0
3270831	Gerald Green's team is Houston Rockets	1.0
3484196	Where Late the Sweet Birds Sang's author is Kate Wilhelm.	1.0
3395187	Nobel Prize in Literature is John Steinbeck's honour.	1.0
3313570	Nobel Prize in Physics is Shirin Ebadi's honour.	0.0
3819843	Nobel Prize in Literature is Sigrid Undset's subordinate.	0.0
3863191	Birmingham is Ozzy Osbourne's nascence place.	1.0
3318617	Nobel Prize in Literature is Gabriela Mistral's honour.	1.0
3374812	Charles Thomson Rees Wilson's award is Nobel Prize in Literature.	0.0
3410884	José María Aznar's office is Spain.	1.0
3412727	Vernor Vinge is The Postman's generator.	0.0
3320479	Robert Hofstadter's award is Nobel Prize in Physics.	1.0
3813820	Sebastian Koch's death place is Carice van Houten.	0.0
3408466	Howard K. Stern's spouse is Anna Nicole Smith.	1.0
3245078	Los Angeles Lakers is Jason Terry's squad.	0.0
3801427	Corixa is Hewlett-Packard's subordinate.	0.0
3854160	Aga Khan III's death place is Versoix.	1.0
4376110	Day Software's foundation place is Basel.	1.0
3620394	Love Actually stars Wilfrid Brambell.	0.0
3417672	Heidi Klum's spouse is Hannah Waterman.	0.0
3406412	Elsa Pataky's spouse is Adrien Brody.	1.0
3454350	Netherlands is George Papandreou's role.	0.0
3894220	Elliott Kastner's birth place is London.	0.0
3800728	Beverly Hills, California is Harold Lloyd's last place.	1.0
3249383	Dewan Hernandez's team is Toronto Raptors	1.0
3806900	Robert Menzies' death place is Melbourne.	1.0
3411054	Craig Conway (actor)'s office is Jill Halfpenny.	0.0
3320347	Imre Kertész's award is Nobel Prize in Physics.	0.0
3810544	Naples, Florida is Donna Summer's death place.	1.0
3418407	Osachi Hamaguchi's office is Japan.	1.0
3835575	Ernest Rutherford's birth place is Cambridge.	0.0
3836931	Eleftherios Venizelos, Crete is Eleftherios Venizelos' nascence place.	1.0
3819797	Archduke Charles, Duke of Teschen's death place is Florence.	0.0
3495517	Jacques Chirac's office is Russia.	0.0
4386512	Intec Telecom Systems' foundation place is Woking.	1.0
3895277	Ferdinand I, Holy Roman Emperor's birth place is Vienna.	0.0
4313899	SevOne's foundation place is United States.	0.0
3318131	Nobel Prize in Literature is James Franck's honour.	0.0
3670070	A Hard Day's Night (film) stars John Junkin	1.0
3874945	Ayrton Senna's birth place is Bologna.	0.0
3814794	Hannibal's death place is Gebze.	1.0
3885279	Alexis Korner's birth place is London.	0.0
3439988	Again, Dangerous Visions' author is Kurt Vonnegut.	0.0
3239911	Shaun Livingston's team is Boston Celtics.	0.0
3860225	Cincinnati is William Howard Taft's nascence place.	1.0
3421350	Gordon Brown's office is United Kingdom.	1.0
3625278	Kill Bill stars Uma Thurman.	1.0
3316314	Giosuè Carducci's award is Nobel Prize in Literature.	1.0
3355072	Nobel Prize in Literature is Maurice Maeterlinck's honour.	1.0
3611275	Stars Jason Mewes has been clerked Clerks.	1.0
3871150	Isaac Bashevis Singer's death place is Surfside, Florida.	1.0
3378506	Charles Thomson Rees Wilson's award is Nobel Prize in Literature.	0.0
3478149	The Collected Short Fiction of C. J. Cherryh's author is John Thomas Sladek.	0.0
3818880	Tacoma, Washington is Bing Crosby's nascence place.	1.0
4333472	Seattle is Team and Concepts' innovation place.	0.0
3612116	Clerks stars Gordon Liu.	0.0
3820723	Croatia is Stjepan Mesić's nascence place.	0.0
3857508	Makati is Corazon Aquino's last place.	1.0
3839592	Brian Wilson's birth place is Inglewood, California.	1.0
3847321	Ira Gershwin's death place is Beverly Hills, California.	1.0
3427755	Tunku Abdul Rahman's office is Malaysia.	1.0
3418031	Gentry Lee is The Garden of Rama's generator.	1.0
3616223	Camp Rock stars Joe Jonas.	1.0
3419469	Fritz Leiber is Contact (novel)'s author.	0.0
3486486	Kalevi Sorsa's office is Israel.	0.0
3378680	Juan Ramón Jiménez's award is Nobel Prize in Physics.	0.0
3619203	Edward Scissorhands stars Ashley Tisdale.	0.0
4303953	Albuquerque, New Mexico is LogiSense's innovation place.	0.0
3638988	Ed Wood (film) stars Jeffrey Jones.	1.0
3454996	Egypt is Rolandas Paksas' role.	0.0
3459313	Edwin Abbott Abbott is Neuromancer's generator.	0.0
3633211	The Aristocats stars Will Ferrell	0.0
3888348	Brno is Jana Novotná's nascence place.	1.0
3364825	Nobel Prize in Literature is Gerhart Hauptmann's honour.	1.0
3686167	A Hard Day's Night (film) stars The Beatles.	1.0
3414698	Charlie Sheen's spouse is Gerard McCarthy.	0.0
3414777	Japan is Saddam Hussein's role.	0.0
3313868	Nobel Prize in Physics is Eugenio Montale's honour.	0.0
3852021	Kabul is Humayun's nascence place.	1.0
4369111	Redxpress' foundation place is Pittsburgh.	0.0
3804340	Henry Fielding's death place is Lisbon.	1.0
3411181	Egypt is Gamal Abdel Nasser's role.	1.0
3414689	Beverly Hills, California is Harold Lloyd's better half.	0.0
3814323	Janet Jackson's birth place is Gary, Indiana.	1.0
3811618	Isaac Bashevis Singer's birth place is Surfside, Florida.	0.0
3422308	Édith Cresson's office is France.	1.0
3821565	Abraham Lincoln's birth place is Hodgenville, Kentucky.	1.0
4379927	Montreal is Audiokinetic's innovation place.	1.0
3829525	James Monroe's death place is New York City.	1.0
3807612	Cole Porter's birth place is Peru, Indiana.	1.0
3440325	Canada is Jean Chrétien's role.	1.0
3310180	Svante Arrhenius' award is Nobel Prize in Literature.	0.0
3817075	Aurel Stein's birth place is Budapest.	1.0
3430570	The Last Book in the Universe's author is Rodman Philbrick.	1.0
3415550	A Connecticut Yankee in King Arthur's Court's author is Mark Twain.	1.0
3419694	Martti Miettunen's office is Canada.	0.0
3418786	Zine El Abidine Ben Ali's office is Tunisia.	1.0
3812265	Herbert Hoover's death place is New York City.	1.0
3497178	Kristine Hermosa is Kevin Federline's better half.	0.0
3414577	Level 7's author is Roger Zelazny.	0.0
3318625	Arno Allan Penzias' award is Nobel Prize in Physics.	1.0
3326237	Maria das Neves' award is São Tomé and Príncipe.	0.0
3420954	California is MokaFive's role.	0.0
3204794	Immodest Proposals' team is William Tenn.	0.0
3834895	Out of the Silent Planet's death place is C. S. Lewis.	0.0
3302152	Jaroslav Seifert's award is Nobel Prize in Physics.	0.0
4375480	United States is Futuremark's innovation place.	0.0
3293053	Detroit Pistons is Jamal Crawford's squad.	0.0
3616492	Austin Powers: The Spy Who Shagged Me stars John Junkin.	0.0
4396639	Day Software's foundation place is United States.	0.0
3809393	JetBrains' death place is Czech Republic.	0.0
3811634	Jerry Goldsmith's death place is Beverly Hills, California.	1.0
3421433	Beyond Apollo's author is Barry N. Malzberg.	1.0
3871504	Kabul is Aurel Stein's last place.	1.0
3660361	A Hard Day's Night (film) stars Paul McCartney	1.0
3657753	Godzilla (1998 film) stars Rick Moranis.	0.0
4311964	Intuit Canada's foundation place is Edmonton.	1.0
3420266	Elisabeth Domitien's office is Central African Republic.	1.0
3855888	Justin Timberlake's birth place is Memphis, Tennessee.	1.0
3617557	Godzilla (1998 film) stars Harry Shearer.	1.0
4315164	Serena Software's foundation place is Alcalá de Henares.	0.0
3851499	Cadence Design Systems' subsidiary is Billpoint.	0.0
4341786	Redxpress' foundation place is Portsmouth.	1.0
3433284	Joe Haldeman is The Forever War's generator.	1.0
3210287	Jacob Evans's team is Golden State Warriors	1.0
3808882	BlueLithium is Netscape's subordinate.	0.0
4320274	Palo Alto, California is Hewlett-Packard's innovation place.	1.0
4339077	Montreal is Strategy First's innovation place.	1.0
3614287	Mad Max stars Eva Gabor.	0.0
4303330	Bloombase Technologies' foundation place is Shenzhen.	1.0
3240768	DeMarcus Cousins's team is Los Angeles Lakers	1.0
4384330	Mountain View, California is Financial Navigator's foundation place.	1.0
3332830	California is Oracle Corporation's honour.	0.0
3470395	The Integral Trees' author is Larry Niven.	1.0
3851166	Santiago de Cuba is Desi Arnaz's nascence place.	1.0
3278276	Kwame Brown's team is Dallas Mavericks.	0.0
3401631	Golda Meir's office is Israel.	1.0
3257109	San Antonio Spurs is Monta Ellis' squad.	0.0
3409874	Finland is Aimo Cajander's role.	1.0
3437611	Seal (musician) is Heidi Klum's better half.	1.0
3358281	Heinrich Böll's award is Nobel Prize in Literature.	1.0
3410605	John Wyndham is The Boat of a Million Years' generator.	0.0
3314696	Nobel Prize in Physics is Shirin Ebadi's honour.	0.0
3410071	Netherlands is Piet de Jong's role.	1.0
3643040	Austin Powers: The Spy Who Shagged Me stars Will Ferrell.	1.0
3286124	Montrezl Harrell's team is LA Clippers	1.0
3327724	François Jacob's award is Nobel Prize in Literature.	0.0
3419756	Joaquim Rafael Branco's office is Iceland.	0.0
3222198	Nene's team is Houston Rockets	1.0
3415483	Robert Bond's office is Dominion of Newfoundland.	1.0
3818760	London is Charlie Chaplin's last place.	0.0
3873964	Bombay Presidency is Aga Khan III's last place.	0.0
3212902	Jonathan Isaac's team is Orlando Magic	1.0
3832341	ADC Telecommunications' subsidiary is Pacific Hydro.	0.0
3256256	Draymond Green's team is Golden State Warriors	1.0
3492997	Whit's author is Thomas M. Disch.	0.0
3816310	Noam Chomsky's death place is Philadelphia.	0.0
3419568	Jomo Kenyatta's office is Yugoslavia.	0.0
3849990	Santa Monica, California is Miles Davis' last place.	1.0
3869899	Vevey is Henryk Sienkiewicz's last place.	1.0
3817606	Vienna is Archduke Charles, Duke of Teschen's nascence place.	0.0
3819616	Liverpool is John Lennon's nascence place.	1.0
3859462	London is Elliott Kastner's last place.	1.0
4336902	Danger (company)'s foundation place is Madrid.	0.0
3387586	Joseph Brodsky's award is Nobel Prize in Physics.	0.0
3874495	Elie Wiesel's birth place is New York City.	0.0
4315118	Art Technology Group's foundation place is Berkeley, California.	0.0
3477685	Castle (novel)'s author is Garth Nix.	1.0
3214012	Israel is Menachem Begin's team.	0.0
3284273	Eric Paschall's team is Golden State Warriors	1.0
3858806	New York City is Elie Wiesel's last place.	1.0
3845582	Rutherford B. Hayes' death place is Fremont, Ohio.	1.0
3820909	Benjamin Harrison's death place is Indianapolis.	1.0
4330588	Jay-Z's foundation place is New York City.	0.0
4395836	Oxford is Intergraph's innovation place.	0.0
3812460	Elizabeth Taylor's death place is Los Angeles.	1.0
3652120	Mad Max stars Martine McCutcheon.	0.0
3417441	Travis Barker is Craig Conway (actor)'s spouse.	0.0
4351652	Krstarica's foundation place is Belgrade.	1.0
3675965	Kana Software stars California.	0.0
3827827	Aldershot is Claude Auchinleck's last place.	0.0
3810943	George W. Bush's birth place is New Haven, Connecticut.	1.0
3428925	Canada is Pierre Trudeau's role.	1.0
3818792	Moscow is Babrak Karmal's last place.	1.0
4333956	Big Fish Games' foundation place is Basel.	0.0
3615660	Godzilla (1998 film) stars Kevin Dunn.	1.0
3820621	Kylie Minogue's birth place is Melbourne.	1.0
3819159	London is David Bowie's nascence place.	1.0
3836794	Andy Roddick's death place is Omaha, Nebraska.	0.0
3416444	Ali Landry's spouse is Alejandro Gómez Monteverde.	1.0
3470715	Japan is Paul-Henri Spaak's role.	0.0
3418201	Naji Shawkat's office is Iraq.	1.0
3313706	André Gide's award is Nobel Prize in Literature.	1.0
3439658	Paul van Zeeland's office is Belgium.	1.0
3213073	Markelle Fultz's team is Orlando Magic	1.0
4312487	SAP AG's foundation place is Mannheim.	1.0
3665527	2012 (film) stars Art Carney.	0.0
3377524	Nobel Prize in Literature is Andrew Huxley's honour.	0.0
3666148	The Aristocats stars Phil Harris.	1.0
3268494	Bruce Brown's team is Detroit Pistons	1.0
4313791	Santa Monica, California is Pandemic Studios' innovation place.	1.0
3412384	John Thomas Sladek is The Forever War's generator.	0.0
3857969	Copenhagen is Christian I of Denmark's nascence place.	0.0
3428396	The Wanderer (Fritz Leiber novel)'s author is Marge Piercy.	0.0
3814637	Comte de Lautréamont's birth place is Paris.	0.0
3465758	The Poison Belt's author is Arthur Conan Doyle.	1.0
3824242	John, King of England's birth place is Oxford.	1.0
3281322	Cameron Johnson's team is Phoenix Suns	1.0
3415673	Kalevi Sorsa's office is East Timor.	0.0
3807642	Albert Einstein's birth place is Princeton, New Jersey.	0.0
3812234	Sighetu Marmației is Elie Wiesel's last place.	0.0
3290380	Orlando Magic is Chris Bosh's squad.	0.0
3495857	Tori Spelling's spouse is Kris Humphries.	0.0
3419665	Belgium is Pierre Harmel's role.	1.0
3436743	Iraq is Josip Broz Tito's role.	0.0
3485177	Hannah Waterman is Ricky Groves' better half.	1.0
3443937	Heath Ledger's spouse is Michelle Williams (actress).	1.0
3869395	New York City is Arthur Ashe's last place.	1.0
3830011	Kofi Annan's birth place is Kumasi.	1.0
3425053	James Yap is Kris Aquino's better half.	1.0
3333389	George Minot's award is Nobel Prize in Physics.	0.0
3461481	Pau Gasol's author is Memphis Grizzlies.	0.0
3238680	Minnesota Timberwolves is Raymond Felton's squad.	0.0
3814095	Valladolid is Christopher Columbus' last place.	1.0
3471677	Maria das Neves' office is São Tomé and Príncipe.	1.0
3428067	Michelle Williams (actress) is Craig Conway (actor)'s spouse.	0.0
3307475	Thomas Mann's award is Nobel Prize in Literature.	1.0
3320174	Ahmed Zewail's award is Nobel Prize in Literature.	0.0
3283307	Kyle Korver's team is Golden State Warriors.	0.0
3812225	Fred Zinnemann's birth place is London.	0.0
3643255	Ghostbusters II stars Rick Moranis.	1.0
3899374	Frank Zappa's birth place is Baltimore.	1.0
3826154	Leoncin is Isaac Bashevis Singer's nascence place.	1.0
3410891	Iain Banks is Whit's generator.	1.0
3251076	Nobel Prize in Physics is John Strutt, 3rd Baron Rayleigh's squad.	0.0
3214221	JaVale McGee's team is Los Angeles Lakers	1.0
3853510	Duluth, Minnesota is Bob Dylan's nascence place.	1.0
3433021	The Breath of Suspension's author is Alexander Jablokov.	1.0
3214569	Martell Webster's team is Charlotte Bobcats.	0.0
3419714	Canada is Mari Alkatiri's role.	0.0
3620116	Last Action Hero stars Anthony Quinn	1.0
3612572	Clerks stars Kevin Smith.	1.0
3376072	Wisława Szymborska's award is Nobel Prize in Literature.	1.0
3325169	Nobel Prize in Physiology or Medicine is George Minot's honour.	1.0
3346598	Niels Bohr's award is Nobel Prize in Literature.	0.0
3422271	Ricky Groves' spouse is Grettell Valdéz.	0.0
3682722	Kill Bill stars Joe Jonas.	0.0
3810871	Harry S. Truman's death place is Kansas City, Missouri.	1.0
3445694	Niles, Ohio is William McKinley's role.	0.0
3631502	Predator (film) stars Amanda Peet.	0.0
3412089	Theodore Bikel is Amy Spanger's better half.	0.0
3886642	Isabel II of Spain's birth place is Madrid.	1.0
3436963	France is Georges Pompidou's role.	1.0
3844075	Queluz, Portugal is Carlota Joaquina of Spain's nascence place.	0.0
3314695	Heike Kamerlingh Onnes' award is Nobel Prize in Literature.	0.0
4346351	Endicott, New York is IBM's innovation place.	1.0
3429957	Iceland is Ásgeir Ásgeirsson's role.	1.0
4321254	Applied Minds' foundation place is Toronto.	0.0
3448350	Robert Silverberg is A Time of Changes' generator.	1.0
3412428	Summon the Thunder's author is Poul Anderson.	0.0
3614858	The Right Stuff (film) stars Harry Shearer.	1.0
3346543	Gustaf Dalén's award is Nobel Prize in Literature.	0.0
3658409	High School Musical 2 stars Jeff Goldblum.	0.0
3419347	Jack White (musician)'s spouse is Emmy Rossum.	0.0
3802038	William McKinley's birth place is Niles, Ohio.	1.0
3811047	Christopher Columbus' birth place is Valladolid.	0.0
3411608	Susan Lanier's spouse is Delaney Bramlett.	1.0
3426772	Strange Case of Dr Jekyll and Mr Hyde's author is Douglas Adams.	0.0
3670534	Ed Wood (film) stars Tina Fey.	0.0
3813560	Robert Christgau's birth place is New York City.	1.0
3304534	Nobel Prize in Literature is Andrew Huxley's honour.	0.0
4398034	Softdisk's foundation place is California.	0.0
3457895	Orbital Resonance (novel)'s author is John Barnes (author).	1.0
3813592	Sunopsis is Oracle Corporation's subordinate.	1.0
3813051	Roswell, Georgia is Curtis Mayfield's last place.	1.0
3820135	Louis IX of France's death place is Tunis.	1.0
3811928	Lithuania Governorate is Adam Mickiewicz's nascence place.	1.0
3296557	Dwight Howard's team is Los Angeles Lakers	1.0
3853729	Motihari is George Orwell's nascence place.	1.0
3883768	Santa Barbara, California is Robert Mitchum's last place.	1.0
3310343	Riddley Walker's award is Russell Hoban.	0.0
3819192	Jimi Hendrix's birth place is Seattle.	1.0
3859552	Allan Riverstone McCulloch's death place is Sydney.	0.0
3810962	Los Angeles is Hal Roach's last place.	1.0
3830854	London is Albert Speer's nascence place.	0.0
3820514	Alfonso XIII of Spain's birth place is Madrid.	1.0
3436336	Saul Williams' spouse is Persia White.	1.0
3476200	Jules Verne is The Begum's Fortune's author.	1.0
3318117	W. B. Yeats' award is Nobel Prize in Literature.	1.0
4381032	United States is Information Builders' innovation place.	1.0
3862445	EBay's subsidiary is PayPal.	1.0
3410172	Maria das Neves' office is Israel.	0.0
3350961	Peru, Indiana is Cole Porter's honour.	0.0
3441473	Tameka Foster's spouse is Hugh Grant.	0.0
3682299	The Right Stuff (film) stars Demi Lovato	0.0
3823591	Eddie Cochran's birth place is Bath, Somerset.	0.0
3343269	Nobel Prize in Physics is Albert Einstein's honour.	1.0
3241167	Mike Miller (basketball player)'s team is Chicago Bulls.	0.0
3485064	Haylie Duff is Tameka Foster's better half.	0.0
3636386	Ed Wood (film) stars Lisa Marie (actress).	1.0
3837411	George Meade's death place is Philadelphia.	1.0
3824208	John James Audubon's birth place is New York City.	0.0
3316389	Nobel Peace Prize is International Atomic Energy Agency's honour.	1.0
3816277	Elizabethton, Tennessee is Andrew Johnson's last place.	1.0
3405931	Persia White is Saul Williams' better half.	0.0
3867289	Charlie Chaplin's death place is Vevey.	1.0
3860307	Claude Auchinleck's birth place is Marrakesh.	0.0
3419335	The Postman's author is David Brin.	1.0
3496434	Finland is Golda Meir's role.	0.0
3681647	Ed Wood (film) stars Ernie Hudson.	0.0
3817236	Quincy, Massachusetts is John Adams' last place.	1.0
3682513	Godzilla (1998 film) stars Matthew Broderick.	1.0
3389911	Wangari Maathai's award is Nobel Prize in Literature.	0.0
3316845	J. J. Thomson's award is Nobel Prize in Physics.	1.0
3810435	East Orange, New Jersey is James Blish's last place.	0.0
3806042	Katie Holmes' subsidiary is Tom Cruise.	0.0
3468517	France is Jelle Zijlstra's role.	0.0
3406247	The Throne of Saturn (short story collection)'s author is Karel Čapek.	0.0
3419156	Richard Li is Isabella Leong's better half.	1.0
3829867	A. E. van Vogt's birth place is Hollywood.	0.0
3424945	Tamara Brooks' spouse is Theodore Bikel.	1.0
3814237	Christian V of Denmark's death place is Copenhagen.	1.0
3453016	Shogo's spouse is Eriko Imai.	1.0
3845301	Robert F. Kennedy's death place is Los Angeles.	1.0
3325386	Nobel Prize in Literature is Sigrid Undset's honour.	1.0
3469365	Saddam Hussein's office is Netherlands.	0.0
3814271	Bologna is Ayrton Senna's last place.	1.0
3238810	Rasheed Wallace's team is Los Angeles Clippers.	0.0
4313151	Munich is Nemetschek's innovation place.	1.0
3448507	Alexandre Pato's spouse is Sthefany Brito.	1.0
3476830	Out of the Silent Planet's author is C. S. Lewis.	1.0
3858293	Adobe Systems' subsidiary is Macromedia.	1.0
3220315	Naz Mitrou-Long's team is Indiana Pacers	1.0
4310519	Digital Research's foundation place is Pacific Grove, California.	1.0
3220634	Andre Roberson's team is Oklahoma City Thunder	1.0
3837537	The Big U's birth place is Neal Stephenson.	0.0
3227333	Philadelphia 76ers is LeBron James' squad.	0.0
3827697	Walt Disney's death place is Burbank, California.	1.0
3420628	Bethany Joy Lenz is Marc Anthony's better half.	0.0
3412815	Central African Republic is Jean Chrétien's role.	0.0
3812988	Dr. Dre's birth place is Compton, California.	1.0
4365919	Mountain View, California is MetaComCo's innovation place.	0.0
3824495	Montpellier is Enrique O'Donnell, Conde del Abisbal's nascence place.	0.0
3318640	Frédéric Passy's award is Nobel Prize in Literature.	0.0
3812413	François Mauriac's death place is Nobel Prize in Literature.	0.0
3643468	Om Shanti Om stars Anthony Quinn.	0.0
3435121	Kris Humphries is Kim Kardashian's better half.	1.0
3885118	Stephen Harper's birth place is Toronto.	1.0
3214422	Mike Miller (basketball player)'s team is Dallas Mavericks.	0.0
3466202	Corixa is GlaxoSmithKline's generator.	0.0
4306154	Impetus Technologies' foundation place is Portsmouth.	0.0
3315867	William Golding's award is Nobel Prize in Literature.	1.0
3808501	Gerhart Hauptmann's death place is Nobel Prize in Literature.	0.0
3312774	Henri Becquerel's award is Nobel Prize in Physics.	1.0
3447087	Anna Faris is Tony Parker's better half.	0.0
3806934	Geneva is Jorge Luis Borges' nascence place.	0.0
3619711	Mad Max stars Mel Gibson.	1.0
3411013	Kurt Vonnegut is Slaughterhouse-Five's generator.	1.0
3482341	South Africa is Louis Botha's role.	1.0
3860847	Kurt Aland's death place is Münster.	1.0
3877091	Roscoe Arbuckle's death place is New York City.	1.0
3205585	Nassir Little's team is Portland Trail Blazers	1.0
3451245	Frankenstein's author is Mary Shelley.	1.0
3314990	Dr. Dre's award is Compton, California.	0.0
3277627	Carmelo Anthony's team is Cleveland Cavaliers.	0.0
4303506	Hyperion Entertainment's foundation place is New Zealand.	0.0
3878805	Hugo Chávez's death place is Caracas.	1.0
3810833	Douglass Dumbrille's death place is Woodland Hills, Los Angeles.	1.0
3411014	Kurt Vonnegut is Slaughterhouse-Five's role.	0.0
3393661	Johannes Diderik van der Waals' award is Nobel Prize in Physics.	1.0
3833011	Terayon is Motorola's subordinate.	1.0
3833133	Staunton, Virginia is Woodrow Wilson's nascence place.	1.0
3880819	Belleville, Ontario is Avril Lavigne's nascence place.	1.0
3422735	Lina Romay's spouse is Jesús Franco.	1.0
3324003	Władysław Reymont's award is Nobel Prize in Literature.	1.0
3411587	Nobel Prize in Literature is Toni Morrison's role.	0.0
3412567	John Abbott's office is France.	0.0
3323850	Nobel Prize in Literature is Anatole France's honour.	1.0
3270479	Metta World Peace's team is New York Knicks.	0.0
3435493	Wilfried Martens' office is Belgium.	1.0
3649103	Mad Max stars Hugh Keays-Byrne.	1.0
3423210	Anna Nicole Smith is Heath Ledger's better half.	0.0
3412238	Yevgeny Zamyatin is We (novel)'s author.	1.0
4396066	Vancouver is Digital Research's innovation place.	0.0
3245646	Curtis Mayfield's team is Roswell, Georgia.	0.0
3843195	Eugène Viollet-le-Duc's death place is Lausanne.	1.0
3435690	Nicholas Tse's spouse is Liv Tyler.	0.0
3488220	Baburam Bhattarai's office is Nepal.	1.0
3244716	Jared Harper's team is Phoenix Suns	1.0
3800494	Interlink Computer Sciences is Cisco Systems' subordinate.	0.0
3399684	François Mauriac's award is Nobel Prize in Literature.	1.0
3415768	Netherlands is Menachem Begin's office.	0.0
3416887	Krista Allen is Tony Parker's better half.	0.0
3414592	Jenny McCarthy is Jim Carrey's better half.	1.0
4331510	Boston Celtics is Ray Allen's innovation place.	0.0
3387592	Pär Lagerkvist's award is Nobel Prize in Physics.	0.0
3818123	Mannheim is Albert Speer's nascence place.	1.0
3409965	Bruce Sterling is The Caves of Steel's generator.	0.0
3851006	Montreal is Pierre Trudeau's nascence place.	1.0
3820415	Chempu is Mammootty's nascence place.	1.0
3616876	Ghostbusters II stars Ernie Hudson.	1.0
3845326	Paris is Alexis Korner's nascence place.	1.0
3812463	EGroups is MediaTek's subordinate.	0.0
3819198	Kamal Haasan's birth place is Paramakudi.	1.0
3257145	Kristaps Porzingis's team is Dallas Mavericks	1.0
4351387	Mannheim is IntelliCorp (software)'s foundation place.	0.0
3423478	Alexondra Lee is Stephen Dunham's better half.	1.0
3415519	Grant Show is Stephen Dunham's better half.	0.0
3610507	Clerks stars Tom Noonan.	0.0
3471110	Iraq is Abd Al-Rahman Al-Gillani's role.	1.0
3271056	John Galsworthy's team is Nobel Prize in Literature.	0.0
3462073	Adolphe Thiers' office is France.	1.0
3695286	A Hard Day's Night (film) stars Maggie d'Abo.	1.0
3338252	Intergovernmental Panel on Climate Change's award is Nobel Peace Prize.	1.0
3474954	William Tenn is Immodest Proposals' generator.	1.0
4327195	Nobel Prize in Physiology or Medicine is Herbert Spencer Gasser's innovation place.	0.0
3488167	Cape Verde is Pedro Pires' generator.	0.0
3238061	Lonnie Walker IV's team is San Antonio Spurs	1.0
3614815	Edward Scissorhands stars Maria Canals Barrera.	0.0
3462519	Algeria is Ahmed Ouyahia's role.	1.0
3809021	Montevideo is Comte de Lautréamont's last place.	0.0
3313700	Nobel Prize in Literature is Toni Morrison's honour.	1.0
4354244	QlikTech's foundation place is Lund.	1.0
3893917	Plumtree Software is IBM's subordinate.	0.0
3449970	Back in the USSA's author is China Miéville.	0.0
3837458	George Bernard Shaw's subsidiary is Dublin.	0.0
3354539	Czesław Miłosz's award is Nobel Prize in Literature.	1.0
4340842	California is Kana Software's innovation place.	1.0
3417276	Alec Douglas-Home's office is United Kingdom.	1.0
3416781	Jared Harris is Emilia Fox's better half.	1.0
3653160	High School Musical 2 stars Lucas Grabeel.	1.0
3437338	Harold Wilson's office is United Kingdom.	1.0
3649493	Mean Girls stars Tina Fey.	1.0
3810742	Westwood Studios is Electronic Arts' subordinate.	1.0
3844724	Chris Benoit's death place is Fayetteville, Georgia.	1.0
3820487	Carthage (municipality) is Hannibal's nascence place.	1.0
3400495	Sebastian Koch's spouse is Carice van Houten.	1.0
3321337	Wilhelm Röntgen's award is Nobel Prize in Physics.	1.0
3812322	Ambrose's death place is Trier.	0.0
3426308	Patricio Borghetti's spouse is Grettell Valdéz.	1.0
3605479	Austin Powers: The Spy Who Shagged Me stars Mike Myers (actor).	1.0
3257883	Kwame Brown's team is New York Knicks.	0.0
3473649	Bernard Archard is Stephen Dunham's better half.	0.0
3443826	Japan is Toshiki Kaifu's role.	1.0
3415982	Kate Winslet's spouse is Sam Mendes.	1.0
3216614	D'Angelo Russell's team is Golden State Warriors	1.0
3471826	Laurent Fabius' office is Belgium.	0.0
3820439	Charles Mingus' death place is Cuernavaca.	1.0
3616055	Mad Max stars Kevin Dunn.	0.0
3682468	Superbad (film) stars Seth Rogen.	1.0
3617869	Love Actually stars Hugh Grant.	1.0
3802319	Humayun's death place is Kabul.	0.0
4325429	Attachmate's foundation place is Bellevue, Washington.	1.0
3449767	The Breath of Suspension's author is Alan E. Nourse.	0.0
3490196	Edwin Balmer is When Worlds Collide's generator.	1.0
3275768	Torrey Craig's team is Denver Nuggets	1.0
3416708	When HARLIE Was One's author is Virginia DeMarce.	0.0
3490127	Terry Pratchett is The Wheels of Chance's author.	0.0
3220965	Tyson Chandler's team is Houston Rockets	1.0
3898009	Fenghua is Chiang Kai-shek's nascence place.	1.0
3805868	Cascade Communications is Ascend Communications' subordinate.	1.0
3419828	Strange Case of Dr Jekyll and Mr Hyde's author is Robert Louis Stevenson.	1.0
3430429	Belgium is Jean-Luc Dehaene's role.	1.0
3616684	Mad Max stars Tim Burns.	1.0
3341936	Rudyard Kipling's award is Nobel Prize in Physiology or Medicine.	0.0
3414569	Pamela Anderson's spouse is Kid Rock.	1.0
3396988	François Jacob's award is Nobel Prize in Literature.	0.0
4314514	Critical Path, Inc.'s foundation place is Orlando, Florida.	0.0
3619229	Predator (film) stars Arnold Schwarzenegger.	1.0
3409658	Fifty Degrees Below's author is Douglas Adams.	0.0
3823055	IBM's subsidiary is IBM Internet Security Systems.	1.0
3394116	Andrew Huxley's award is Nobel Prize in Literature.	0.0
3425422	Malaysia is Elisabeth Domitien's role.	0.0
3271326	Willie Cauley-Stein's team is Golden State Warriors	1.0
3898745	Philip K. Dick's death place is Santa Ana, California.	1.0
3892327	Norfolk Southern Railway's subsidiary is Conrail.	1.0
3813641	Yahoo!'s subsidiary is Zimbra.	1.0
3843148	David Bowie's death place is London.	0.0
4301735	Edmonton is Codemasters' innovation place.	0.0
3410041	Japan is Kakuei Tanaka's role.	1.0
3810350	Copenhagen is Christian I of Denmark's last place.	1.0
3818168	Martin Scorsese's birth place is Queens.	1.0
4341625	Materialise NV's foundation place is Leuven.	1.0
3487980	Craig Conway (actor)'s spouse is Jason Reitman.	0.0
3839992	New York City is Jay-Z's nascence place.	1.0
3464156	Abbie Cornish is Ryan Phillippe's better half.	0.0
4321205	India is Impetus Technologies' innovation place.	1.0
3875374	Franklin D. Roosevelt's death place is Warm Springs, Georgia.	1.0
3407573	The Demolished Man's author is Alfred Bester.	1.0
3603937	Kill Bill stars Gordon Liu.	1.0
3616376	The Right Stuff (film) stars Mike Myers (actor)	0.0
3321081	Thomas Mann's award is Nobel Peace Prize.	0.0
3828230	Orbital Sciences Corporation's subsidiary is PayPal.	0.0
3892550	Los Angeles is Beck's nascence place.	1.0
3818271	TiVo, Inc.'s subsidiary is Terayon.	0.0
3893398	Eugène Viollet-le-Duc's birth place is Lausanne.	0.0
4392620	Critical Path, Inc.'s foundation place is San Francisco.	1.0
3652951	A Hard Day's Night (film) stars Vanessa Hudgens	0.0
3637972	Last Action Hero stars F. Murray Abraham.	1.0
3619236	The Aristocats stars Eva Gabor.	1.0
3873260	Franklin Pierce's death place is Concord, New Hampshire.	1.0
3493362	Anwar Sadat's office is Egypt.	1.0
4335327	Nokia's foundation place is Nokia, Finland.	1.0
3814832	George Meade's birth place is Philadelphia.	0.0
3818154	Tom Noonan is Last Action Hero's subsidiary.	0.0
3272238	Ish Smith's team is Washington Wizards	1.0
3229734	Bismack Biyombo's team is Charlotte Hornets	1.0
3454210	Poppy Montgomery's spouse is Adrianne Curry.	0.0
3615399	Edward Scissorhands stars Dianne Wiest.	1.0
3619868	The Right Stuff (film) stars Jeff Goldblum	1.0
3226691	David Lee (basketball)'s team is Houston Rockets.	0.0
3620400	2012 (film) stars Harry Shearer	0.0
4385440	MailChannels' foundation place is Vancouver.	1.0
3878610	Corixa is GlaxoSmithKline's subordinate.	1.0
3441965	Joop den Uyl's office is Japan.	0.0
3257187	Boston Celtics is Steve Blake's squad.	0.0
3466494	United Kingdom is Morihiro Hosokawa's role.	0.0
3813159	Christian I of Denmark's death place is Oldenburg (Oldenburg).	0.0
3403538	When HARLIE Was One's author is David Gerrold.	1.0
3422027	Leah Renee Cudmore is Nick Zano's better half.	1.0
3275018	Shaquille Harrison's team is Chicago Bulls	1.0
3847995	Yahoo!'s subsidiary is EGroups.	1.0
3827571	Oracle Corporation's subsidiary is Zimbra.	0.0
3818130	Cádiz is George Meade's nascence place.	1.0
3418260	Eva Green's office is Marton Csokas.	0.0
3820937	Desi Arnaz's death place is Santiago de Cuba.	0.0
3812966	Lisbon is Henry Fielding's birth place.	0.0
3465469	A Canticle for Leibowitz's author is Walter M. Miller, Jr.	1.0
3311184	Nobel Prize in Physics is Elias Canetti's honour.	0.0
3410731	Menachem Begin's office is Israel.	1.0
3244930	Dean Wade's team is Cleveland Cavaliers	1.0
3460931	Michael Swanwick is Jack Faust (novel)'s author.	1.0
3386366	François Jacob's award is Nobel Prize in Physiology or Medicine.	1.0
3311983	Nobel Prize in Physics is James Franck's honour.	1.0
3813329	The Walt Disney Company's subsidiary is Fox Kids.	1.0
3417443	Ruud Lubbers' office is Netherlands.	1.0
3212195	Elie Okobo's team is Phoenix Suns	1.0
3216094	Allen Crabbe's team is Atlanta Hawks	1.0
3383867	Ivan Bunin's award is Nobel Prize in Literature.	1.0
3411053	Jill Halfpenny is Craig Conway (actor)'s spouse.	1.0
3600078	Edward Scissorhands stars Kathy Baker.	1.0
3258595	Kenrich Williams's team is New Orleans Pelicans	1.0
3498385	Aimo Cajander's office is São Tomé and Príncipe.	0.0
3819761	Ansgar's birth place is Amiens.	1.0
3463164	Hong Kong is Team and Concepts' generator.	0.0
3865477	Milan is Ambrose's last place.	1.0
3495194	Kwame Nkrumah's office is Dominion of Newfoundland.	0.0
3610053	Kill Bill stars Daryl Hannah.	1.0
3347376	Nobel Prize in Literature is Theodor Mommsen's honour.	1.0
4313973	Mindscape's foundation place is Novato, California.	1.0
3213081	Pau Gasol's team is Orlando Magic.	0.0
3497256	P. W. Botha's office is South Africa.	1.0
3281835	Alex Len's team is Atlanta Hawks	1.0
3899194	Cher's birth place is El Centro, California.	1.0
3811642	Humphry Davy's birth place is Penzance.	1.0
3858537	Mardy Fish's birth place is Edina, Minnesota.	1.0
3816858	Jorge Luis Borges' death place is Buenos Aires.	0.0
3612425	Shawn Marion stars Miami Heat.	0.0
3231697	Alize Johnson's team is Indiana Pacers	1.0
3417123	Guyana is Bharrat Jagdeo's role.	1.0
3889326	Victoria, British Columbia is Nelly Furtado's nascence place.	1.0
3321370	Verner von Heidenstam's award is Nobel Prize in Literature.	1.0
4311411	Superbad (film)'s foundation place is Jonah Hill.	0.0
3413382	Keizō Obuchi's office is Japan.	1.0
3416917	Gaston Eyskens' office is France.	0.0
3402382	Ira Levin is This Perfect Day's generator.	1.0
3844780	Constantin Brâncuși's birth place is Peștișani.	1.0
3321497	Nobel Prize in Literature is Jacinto Benavente's honour.	1.0
3234842	Ryan Anderson's team is Houston Rockets	1.0
3337014	Jimmy Carter's award is Nobel Peace Prize.	1.0
3411873	Vril's author is Edward Bulwer-Lytton, 1st Baron Lytton.	1.0
3315556	Johannes Stark's award is Nobel Prize in Physics.	1.0
3844612	Sarah Vaughan's death place is Hidden Hills, California.	1.0
3281820	Los Angeles Clippers is Kwame Brown's squad.	0.0
3856098	John C. Frémont's death place is New York City.	1.0
4341146	LogiSense's foundation place is Warwickshire.	0.0
3640584	A Hard Day's Night (film) stars Wilfrid Brambell	1.0
3473329	Jack Faust (novel)'s author is Garth Nix.	0.0
3864302	Bombay Presidency is Aga Khan III's nascence place.	1.0
4366996	Chelsea Handler's foundation place is Ted Harbert.	0.0
3812924	Montpellier is Enrique O'Donnell, Conde del Abisbal's last place.	1.0
3210426	George Hill's team is Milwaukee Bucks	1.0
3433206	Wilfrid Laurier's office is Belgium.	0.0
3467861	Stephen Dunham's spouse is Ted Harbert.	0.0
3410222	Frankenstein's author is Vernor Vinge.	0.0
3212177	Utah Jazz is Kwame Brown's squad.	0.0
3858331	Saginaw, Michigan is Stevie Wonder's nascence place.	1.0
3897190	Carlota Joaquina of Spain's death place is Aranjuez.	0.0
3218641	Ben Gordon's team is Charlotte Bobcats.	0.0
3487026	Tamara Brooks' spouse is Thom Mathews.	0.0
3878722	Seattle is Kurt Cobain's last place.	1.0
3408127	The Big U's author is Thomas M. Disch.	0.0
3844500	Duns Scotus' death place is Duns.	0.0
3833845	Adam Mickiewicz's death place is Lithuania Governorate.	0.0
3821409	Nelson, New Zealand is Ernest Rutherford's last place.	0.0
3449633	Jean-Pierre Raffarin's office is Pakistan.	0.0
3485004	Jacques Chirac's office is France.	1.0
3411042	Şebnem Dönmez's spouse is Jessica Paré.	0.0
3892429	Venus Williams' birth place is Lynwood, California.	1.0
4376417	Rogue Wave Software's foundation place is Endicott, New York.	0.0
3891785	John James Audubon's birth place is Les Cayes.	1.0
3420485	Persia White is Scarlett Johansson's better half.	0.0
3881597	Martina Navratilova's birth place is Prague.	1.0
3416735	Kristine Hermosa is Diether Ocampo's better half.	1.0
3884543	James Blish's birth place is East Orange, New Jersey.	1.0
3810244	Hannibal's birth place is Gebze.	0.0
4316465	Symantec's foundation place is Iceland.	0.0
3809267	São Paulo is Ayrton Senna's last place.	0.0
3316595	Nobel Prize in Physics is Gabriel Lippmann's honour.	1.0
4315744	Mountain View, California is Spokeo's innovation place.	1.0
3416865	Daniel Keyes is Flowers for Algernon's generator.	1.0
3642843	Om Shanti Om stars Uma Thurman.	0.0
3862402	Michael Chang's birth place is Hoboken, New Jersey.	1.0
3855752	Björk's birth place is Reykjavík.	1.0
3820018	Cologne is Duns Scotus' last place.	1.0
3628954	Om Shanti Om stars Yuvika Chaudhary.	1.0
3433851	Stephen King is Carrie (novel)'s author.	1.0
3327148	Herbert A. Hauptman's award is Nobel Prize in Physiology or Medicine.	0.0
3496840	John Sparrow David Thompson's office is Canada.	1.0
3454426	Carl Sagan is Contact (novel)'s author.	1.0
3388743	Nobel Prize in Literature is William Faulkner's honour.	1.0
3320759	Nenad Zimonjić's award is Belgrade.	0.0
3317982	Pakistan is Benazir Bhutto's honour.	0.0
3221316	Sacramento Kings is Raymond Felton's squad.	0.0
3815335	Paris is Isabel II of Spain's last place.	1.0
3429975	Michael Shea (author) is Polyphemus (book)'s author.	1.0
3324386	Seamus Heaney's award is Nobel Prize in Physics.	0.0
3420531	Vladimír Špidla's office is Canada.	0.0
3470643	France is Jean Casimir-Perier's role.	1.0
3871866	Fox Kids is Norfolk Southern Railway's subsidiary.	0.0
3463174	Robert Rodriguez's spouse is Elizabeth Hurley.	0.0
4368180	California is Oracle Corporation's innovation place.	1.0
3484559	Slaughterhouse-Five's author is Gentry Lee.	0.0
3625518	Last Action Hero stars Scott Glenn.	0.0
3662987	The Right Stuff (film) stars F. Murray Abraham.	0.0
4318261	Softpress' foundation place is Oxford.	1.0
3466217	France is Kalevi Sorsa's role.	0.0
3696062	2012 (film) stars Paul McCartney.	0.0
3880159	Beverly Hills, California is Billy Wilder's last place.	1.0
3655445	Kill Bill stars Lucy Liu.	1.0
3266543	Joe Ingles's team is Utah Jazz	1.0
3695414	High School Musical 2 stars Vanessa Hudgens	1.0
3436630	Orbital Resonance (novel)'s author is Mordecai Roshwald.	0.0
3898407	Oracle Corporation's subsidiary is Portal Software.	1.0
3365050	José Saramago's award is Nobel Prize in Literature.	1.0
3213143	Luis Scola's team is Utah Jazz.	0.0
3821011	Yoko Ono's birth place is Tokyo.	1.0
3433524	Miami Heat is Mike Miller (basketball player)'s author.	0.0
3885157	New York City is Billy Joel's nascence place.	1.0
3313582	Nobel Prize in Literature is Rudyard Kipling's honour.	1.0
3376105	Harry Martinson's award is Nobel Prize in Literature.	1.0
3493997	Spain is Dom Mintoff's role.	0.0
3441212	Malaysia is Abdul Razak Hussein's role.	1.0
3471538	Wizard (novel)'s author is S. Fowler Wright.	0.0
3873655	Montevideo is Comte de Lautréamont's nascence place.	1.0
3480145	Out of the Silent Planet's author is Stephen Baxter.	0.0
3866739	Dublin is Arthur Wellesley, 1st Duke of Wellington's last place.	0.0
3855884	Rome is Alfonso XIII of Spain's nascence place.	0.0
3210826	Utah Jazz is Nazr Mohammed's squad.	0.0
4383287	Woking is Ansys' innovation place.	0.0
3842800	Babrak Karmal's birth place is Kabul.	1.0
3400267	Usher (entertainer) is Tameka Foster's better half.	1.0
3321166	Microsoft's award is Albuquerque, New Mexico.	0.0
3442168	Neuromancer's author is William Gibson.	1.0
3433285	The Forever War's office is Joe Haldeman.	0.0
3213194	Pau Gasol's team is Indiana Pacers.	0.0
3238547	Omari Spellman's team is Golden State Warriors	1.0
3430259	Zöe Salmon's spouse is Gerard McCarthy.	1.0
4388803	Shenzhen is Angoss' innovation place.	0.0
3452865	Abdullah Ahmad Badawi's office is Malaysia.	1.0
4318968	Makati is Corazon Aquino's innovation place.	0.0
4379816	Bozeman, Montana is RightNow Technologies' innovation place.	1.0
3814297	Ayrton Senna's birth place is São Paulo.	1.0
3367973	Nobel Prize in Physics is Charles Glover Barkla's honour.	1.0
3637083	Love Actually stars Colin Firth.	1.0
3819966	Gerald Green's death place is Boston Celtics.	0.0
3830651	ABC Family Worldwide Inc.'s subsidiary is Television South.	1.0
3498730	Carl Sagan is Heretics of Dune's author.	0.0
4312757	IBM Internet Security Systems' foundation place is Atlanta.	1.0
3412177	The Right Stuff (film)'s spouse is Harry Shearer.	0.0
3290029	Pau Gasol's team is Portland Trail Blazers	1.0
3618709	Predator (film) stars Carl Weathers.	1.0
3883420	Christian V of Denmark's birth place is Copenhagen.	0.0
3494708	The War Machine's author is Roger MacBride Allen.	1.0
3669935	2012 (film) stars Danny Glover	1.0
3425434	Mikhail Kasyanov's spouse is Russia.	0.0
3865059	Barnwell, South Carolina is James Brown's nascence place.	1.0
3813925	Henry Fielding's death place is Sharpham.	0.0
3857539	Adam Smith's death place is Edinburgh.	1.0
3329056	Herbert Spencer Gasser's award is Nobel Peace Prize.	0.0
3619324	Om Shanti Om stars Phil Harris.	0.0
3820541	Desi Arnaz's death place is Del Mar, California.	1.0
3626253	Jack Faust (novel) stars Michael Swanwick.	0.0
3870776	Albert Einstein's death place is Princeton, New Jersey.	1.0
3407574	The Demolished Man's office is Alfred Bester.	0.0
4323617	Big Fish Games' foundation place is Seattle.	1.0
3363285	Nobel Prize in Literature is Henryk Sienkiewicz's honour.	1.0
3873854	Bing Crosby's death place is Tacoma, Washington.	0.0
3419757	Return from the Stars' author is Stanisław Lem.	1.0
3219000	Frank Jackson's team is New Orleans Pelicans	1.0
3314297	Nobel Prize in Physiology or Medicine is Herbert Spencer Gasser's honour.	1.0
3349420	Boston Celtics is Kevin Garnett's honour.	0.0
3472912	The World Is Round's author is Gardner Dozois.	0.0
4330979	Attensity's foundation place is California.	0.0
3413380	Manisha Koirala is Kevin Federline's better half.	0.0
3382349	Miguel Ángel Asturias' award is Nobel Prize in Literature.	1.0
3893820	H. P. Lovecraft's birth place is Providence, Rhode Island.	1.0
3486414	Jemima Khan's spouse is Hugh Grant.	0.0
3304928	Nobel Prize in Chemistry is Svante Arrhenius' honour.	1.0
3844327	Genoa is Christopher Columbus' last place.	0.0
3332217	Alan Arkin is Edward Scissorhands' honour.	0.0
3812127	Douglass Dumbrille's birth place is Woodland Hills, Los Angeles.	0.0
3614017	The Right Stuff (film) stars Ed Harris	1.0
3403256	The Truce at Bakura's author is Kathy Tyers.	1.0
3889808	Eddie Cochran's death place is Bath, Somerset.	1.0
3474832	Agra is Akbar's role.	0.0
3489967	The Wanderer (Fritz Leiber novel)'s author is Fritz Leiber.	1.0
3865560	Motihari is George Orwell's last place.	0.0
3220896	Thomas Bryant's team is Washington Wizards	1.0
3492016	Kalevi Sorsa's office is Finland.	1.0
3455769	Armenia is Vazgen Sargsyan's role.	1.0
3384264	Level 7's award is Mordecai Roshwald.	0.0
3879430	Christian I of Denmark's birth place is Oldenburg (Oldenburg).	1.0
3464739	Pedro Pires' office is Cape Verde.	1.0
3420536	Alfred Bester is Good Omens' generator.	0.0
3317321	Nobel Prize in Literature is Giorgos Seferis' honour.	1.0
3241601	Charlotte Bobcats is Andrei Kirilenko's squad.	0.0
3353540	Nobel Peace Prize is Max Planck's honour.	0.0
3890323	Walter Jon Williams is Aristoi (novel)'s subsidiary.	0.0
3812960	Hamilton, Ontario is Douglass Dumbrille's last place.	0.0
4353468	California is Serena Software's innovation place.	1.0
4320332	Troy, Michigan is Syntel's innovation place.	1.0
3616753	The Right Stuff (film) stars Barbara Hershey.	1.0
3608023	Mad Max stars Colin Firth.	0.0
3894955	Gela is Aeschylus' nascence place.	0.0
3385020	Halldór Laxness' award is Nobel Prize in Literature.	1.0
3831772	A. E. van Vogt's death place is Winnipeg.	0.0
3411706	Worldwar: Upsetting the Balance's author is Angela Carter.	0.0
3642887	Mean Girls stars Hugh Grant.	0.0
3406096	The War Machine's author is Fritz Leiber.	0.0
3210127	Chandler Parsons's team is Atlanta Hawks	1.0
3803387	Dublin is Jonathan Swift's last place.	1.0
3391729	Nobel Prize in Physics is Albert Camus' award.	0.0
3259671	Josh Jackson's team is Memphis Grizzlies	1.0
3487226	Anton Rop's office is United Kingdom.	0.0
3330442	Johannes Stark's award is Nobel Prize in Literature.	0.0
3231935	Memphis Grizzlies is Derek Fisher's squad.	0.0
3466657	Non-Stop (novel)'s author is Tanith Lee.	0.0
3821469	Oracle Corporation's subsidiary is Conrail.	0.0
3841536	Eleftherios Venizelos, Crete is Eleftherios Venizelos' last place.	0.0
3310193	T. S. Eliot's award is Nobel Prize in Physiology or Medicine.	0.0
3822808	Stoke-on-Trent is Robbie Williams' nascence place.	1.0
3810813	Henryk Sienkiewicz's birth place is Wola Okrzejska.	1.0
3339371	Grameen Bank's award is Nobel Prize in Literature.	0.0
3216843	Los Angeles Clippers is Mike Miller (basketball player)'s team.	0.0
3618413	A Hard Day's Night (film) stars Bridgette Wilson	0.0
3245364	Stephen Dunham's team is Alexondra Lee.	0.0
3819960	Portsmouth is Charles Dickens' nascence place.	1.0
3314652	Albert Camus' award is Nobel Prize in Literature.	1.0
3814132	Ansgar's death place is Amiens.	0.0
3685079	Camp Rock stars The Beatles.	0.0
3419719	Luther Davis' spouse is Usher (entertainer).	0.0
3612528	Love Actually stars Martine McCutcheon.	1.0
3418079	Riddley Walker's author is Michael F. Flynn.	0.0
3458017	Jerry Pournelle is Beyond Apollo's generator.	0.0
4318709	New York City is Blackbaud's innovation place.	1.0
3695487	The Aristocats stars Oliver Platt.	0.0
3860513	Toronto is Neil Young's nascence place.	1.0
4343776	Berkeley, California is Spiceworks' innovation place.	0.0
3812588	Florence is Archduke Charles, Duke of Teschen's nascence place.	1.0
3854635	Los Angeles is John Wayne's last place.	1.0
3436223	Flatland's author is Philip K. Dick.	0.0
3482248	Lucy Liu is Kill Bill's better half.	0.0
3350093	Yasunari Kawabata's award is Nobel Prize in Literature.	1.0
3411687	Finland is Wilfrid Laurier's role.	0.0
3605806	Om Shanti Om stars Deepika Padukone.	1.0
3867301	Albany, Georgia is Ray Charles' nascence place.	1.0
3347316	Nobel Peace Prize is Henry Dunant's honour.	1.0
3426204	Travis Barker is Shanna Moakler's better half.	1.0
3872021	Boston is Anthony Quinn's last place.	1.0
3484161	Mylène Jampanoï's spouse is Isaac Hayes.	0.0
3621212	A Hard Day's Night (film) stars Arnold Schwarzenegger	0.0
3818858	New York City is Kurt Vonnegut's last place.	1.0
3884406	Long Branch, New Jersey is Bruce Springsteen's nascence place.	1.0
3420046	Doris Lessing is The Sentimental Agents in the Volyen Empire's generator.	1.0
3439561	Sebastian Koch's spouse is Mario Lopez.	0.0
3339645	José Echegaray's award is Nobel Prize in Physics.	0.0
3617805	Stars Harry Shearer has been clerked Clerks.	0.0
3882136	Leoncin is Isaac Bashevis Singer's last place.	0.0
3841872	Bing Crosby's death place is Madrid.	1.0
3286151	Kyle Anderson's team is Memphis Grizzlies	1.0
3813756	Oracle Corporation's subsidiary is Television South.	0.0
3452768	Djibouti is Dileita Mohamed Dileita's role.	1.0
3823508	Harlem is Elliott Kastner's last place.	0.0
3872731	Boston is Donna Summer's birth place.	1.0
3413978	Isaac Asimov is The Caves of Steel's generator.	1.0
4325997	Hamberg is Navigon's innovation place.	1.0
3810221	Chet Atkins' death place is Nashville, Tennessee.	1.0
3407037	Wizard (novel)'s author is John Varley (author).	1.0
3476101	Kim Newman is This Perfect Day's generator.	0.0
4398489	Techexcel's foundation place is Lafayette, California.	1.0
3810827	Paris is Constantin Brâncuși's nascence place.	0.0
3820781	Oak Hill, West Virginia is Hank Williams' last place.	1.0
3418028	Poppy Montgomery's spouse is Adam Kaufman (actor).	1.0
3412325	Jacques Chirac's office is Egypt.	0.0
3448283	Summon the Thunder's author is Kevin Dilmore.	1.0
3613554	Austin Powers: The Spy Who Shagged Me stars Robert Wagner.	1.0
3496142	H. H. Asquith's office is Belgium.	0.0
3314159	Nobel Prize in Literature is Heike Kamerlingh Onnes' honour.	0.0
3808752	Las Vegas is Tupac Shakur's last place.	1.0
3872449	Henley-on-Thames is James Blish's last place.	1.0
3876473	Albert Lea, Minnesota is Eddie Cochran's last place.	0.0
3659625	The Aristocats stars Woody Harrelson	0.0
4321085	Pacific Grove, California is Futuremark's innovation place.	0.0
3806287	Ferdinand II of Portugal's death place is Vienna.	0.0
3413962	Walter Jon Williams is Aristoi (novel)'s author.	1.0
3614934	2012 (film) stars Woody Harrelson	1.0
3433812	Fiji is Mahendra Chaudhry's role.	1.0
3871387	Vevey is Henryk Sienkiewicz's nascence place.	0.0
3659602	Camp Rock stars Brad Pitt.	0.0
3813426	George Orwell's birth place is London.	0.0
3490963	Alexander Jablokov is The Begum's Fortune's author.	0.0
3263998	Derrick Favors's team is New Orleans Pelicans	1.0
3658958	Camp Rock stars Maria Canals Barrera.	1.0
3887937	Pierre Trudeau's death place is Montreal.	1.0
3316942	H. A. Lorentz's award is Nobel Prize in Chemistry.	0.0
3620462	Ivan Bunin stars Nobel Prize in Literature.	0.0
3381391	Nobel Prize in Physics is Walther Bothe's honour.	1.0
3606470	The Aristocats stars Sterling Holloway	1.0
3269891	Tacko Fall's team is Boston Celtics	1.0
3843101	Edgar Allan Poe's death place is Baltimore.	1.0
3811106	Tony Blair's birth place is Edinburgh.	1.0
3804372	Humayun's death place is Delhi.	1.0
3847898	Carlota Joaquina of Spain's birth place is Aranjuez.	1.0
3469905	East Timor is José Ramos-Horta's role.	1.0
3380479	Frédéric Passy's award is Nobel Prize in Literature.	0.0
3842448	Paris is Isabel II of Spain's nascence place.	0.0
3203751	Kevin Porter Jr.'s team is Cleveland Cavaliers	1.0
3410743	Ian Stewart (mathematician) is 334 (novel)'s author.	0.0
3401055	Charlotte Ross is Kate Winslet's better half.	0.0
3474356	Gaston Eyskens' office is Belgium.	1.0
3832583	Lou Reed's birth place is Brooklyn.	1.0
3411839	France is Vazgen Sargsyan's role.	0.0
3495214	Vladimír Špidla's office is Japan.	0.0
3818142	Akbar's death place is Agra.	1.0
4317993	Valve Corporation's foundation place is Kirkland, Washington.	1.0
3420181	Robert Borden's office is Portugal.	0.0
3803966	Les Cayes is John James Audubon's last place.	0.0
3843363	Bremen is Ansgar's nascence place.	0.0
4311240	Helmi Technologies' foundation place is Oulu.	1.0
3411220	Frank Herbert is Heretics of Dune's author.	1.0
3810671	Minsk is Victoria Azarenka's nascence place.	1.0
3473552	Again, Dangerous Visions' author is Harlan Ellison.	1.0
3845769	Ferdinand II of Portugal's death place is Lisbon.	1.0
3810389	New York City is Edward Bernays' nascence place.	0.0
3802053	Constantin Brâncuși's death place is Peștișani.	0.0
3414968	Hewlett-Packard's office is Snapfish.	0.0
3461746	Morgan Paull is Christopher Knight (actor)'s spouse.	0.0
4310398	California is NeXT's innovation place.	1.0
3660997	Kill Bill stars Lance Henriksen.	0.0
3840516	Eleftherios Venizelos' death place is Paris.	1.0
3817082	Interlink Computer Sciences is CA Technologies' subordinate.	1.0
3411093	Portugal is Mário Soares' role.	1.0
3813754	Bremen is Ansgar's last place.	1.0
3494201	Flatland's author is Edwin Abbott Abbott.	1.0
3314101	Sinclair Lewis' award is Nobel Prize in Physics.	0.0
3239270	Dario Saric's team is Phoenix Suns	1.0
3448616	Ashton Kutcher's spouse is Demi Moore.	1.0
3821268	Enrique O'Donnell, Conde del Abisbal's death place is Cádiz.	0.0
3212726	Dennis Schroder's team is Oklahoma City Thunder	1.0
3643032	Camp Rock stars Bill Murray.	0.0
3386149	Nobel Prize in Physiology or Medicine is Harold Urey's honour.	0.0
3452402	Mikhail Kasyanov's office is Russia.	1.0
3416405	Israel is Ariel Sharon's role.	1.0
3459899	Jonathan Lethem is Shadow of the Hegemon's generator.	0.0
3484892	The Integral Trees' author is S. Fowler Wright.	0.0
3813728	Snapfish is Hewlett-Packard's subordinate.	1.0
3336882	Nobel Prize in Literature is William Henry Bragg's honour.	0.0
4395186	Bozeman, Montana is Team and Concepts' innovation place.	0.0
4317268	Condusiv Technologies' foundation place is Glendale, California.	1.0
3419479	Kim Newman is Back in the USSA's generator.	1.0
3875984	Christopher Columbus' birth place is Genoa.	1.0
3845877	Alcalá de Henares is Ferdinand I, Holy Roman Emperor's death place.	0.0
3819708	William McKinley's death place is Buffalo, New York.	1.0
3885110	London is Fred Zinnemann's last place.	1.0
3818392	Queluz, Portugal is Carlota Joaquina of Spain's last place.	1.0
3340339	Sinclair Lewis' award is Nobel Prize in Literature.	1.0
3211901	Bruno Caboclo's team is Memphis Grizzlies	1.0
3418883	Japan is Kiichi Miyazawa's role.	1.0
4372925	Hong Kong is Team and Concepts' innovation place.	1.0
3312772	Guglielmo Marconi's award is Nobel Prize in Literature.	0.0
4301615	MokaFive's foundation place is California.	1.0
3478281	The Urth of the New Sun's author is Gene Wolfe.	1.0
3885261	Allan Riverstone McCulloch's death place is Honolulu.	1.0
3805866	Douglass Dumbrille's birth place is Hamilton, Ontario.	1.0
3455947	Voyages by Starlight's author is Ian R. MacLeod.	1.0
3679636	Mad Max stars Shah Rukh Khan.	0.0
3468359	Riddley Walker's author is Russell Hoban.	1.0
3403535	Władysław Reymont's office is Nobel Prize in Literature.	0.0
3420345	Ruud Lubbers' office is Portugal.	0.0
3820837	The Bronx is Woody Allen's nascence place.	1.0
3313172	Nobel Prize in Literature is Patrick White's honour.	1.0
3890597	Istanbul is Adam Mickiewicz's nascence place.	0.0
3442504	Aarón Díaz's spouse is Kate del Castillo.	1.0
3214933	Houston Rockets is Kenyon Martin's squad.	0.0
4360640	José Saramago's foundation place is Nobel Prize in Literature.	0.0
3442167	William Gibson is Neuromancer's better half.	0.0
3898161	Honolulu is Allan Riverstone McCulloch's nascence place.	0.0
3628538	On the Waterfront stars Marlon Brando.	1.0
3320670	Juan Ramón Jiménez's award is Nobel Prize in Literature.	1.0
3817892	New York City is John James Audubon's last place.	1.0
3468773	Wheelers (novel)'s author is Ian Stewart (mathematician).	1.0
3212622	Elton Brand's team is Oklahoma City Thunder.	0.0
3403898	Gardner Dozois is Polyphemus (book)'s author.	0.0
3488062	Return from the Stars' author is John Brunner (novelist).	0.0
3882022	Vienna is Archduke Charles, Duke of Teschen's last place.	1.0
3621647	Seven (film) stars Brad Pitt	1.0
3447700	Luxembourg is Jacques Santer's role.	1.0
3381590	Theodor Mommsen's award is Nobel Prize in Chemistry.	0.0
4321384	Six Apart's foundation place is San Francisco.	1.0
3392034	Nobel Peace Prize is Rudyard Kipling's honour.	0.0
4319638	Borland's foundation place is San Francisco.	0.0
3212050	Miami Heat is Gerald Green's squad.	0.0
3411563	Paul-Henri Spaak's office is Netherlands.	0.0
3275809	Dejounte Murray's team is San Antonio Spurs	1.0
3495035	Synthesis & Other Virtual Realities' author is Stanisław Lem.	0.0
3633071	Ghostbusters II stars Hermione Gingold.	0.0
3627755	Love Actually stars Daryl Hannah.	0.0
3617790	The Neutronium Alchemist stars Peter F. Hamilton.	0.0
3659501	Love Actually stars Laura Linney.	1.0
3821281	Paris is Alexis Korner's last place.	0.0
3411507	The Throne of Saturn (short story collection)'s author is S. Fowler Wright.	1.0
3802707	Kabul is Babrak Karmal's last place.	0.0
3372222	J. M. Coetzee's award is Nobel Prize in Literature.	1.0
3476819	Marc Anthony's spouse is Jennifer Lopez.	1.0
3414295	Will Arnett's spouse is Amy Poehler.	1.0
3815742	Aga Khan III's birth place is Versoix.	0.0
3216376	Troy Daniels's team is Los Angeles Lakers	1.0
3437231	Martti Miettunen's office is Iraq.	0.0
3239035	Mike Dunleavy, Jr.'s team is Cleveland Cavaliers.	0.0
3407950	Fred Astaire's spouse is Los Angeles.	0.0
3804853	Isabel II of Spain's death place is Madrid.	0.0
3828319	Christian V of Denmark's death place is Flensburg.	0.0
3487950	The Neutronium Alchemist's author is Peter F. Hamilton.	1.0
3897902	Adam Mickiewicz's death place is Istanbul.	1.0
3881789	Lisbon is Ferdinand II of Portugal's nascence place.	0.0
3871151	A. E. van Vogt's death place is Hollywood.	1.0
3863765	Italo Calvino's birth place is Santiago de las Vegas.	1.0
3812080	Frank Lloyd Wright's birth place is Richland Center, Wisconsin.	1.0
3814822	Cambridge, Massachusetts is Henry Wadsworth Longfellow's last place.	1.0
3480842	Leo Burmester is Carmine Giovinazzo's better half.	0.0
3821688	Jack Dann is Wandering Stars' last place.	0.0
3220157	Portland Trail Blazers is Andrew Bynum's squad.	0.0
3419463	Amy Spanger's spouse is Michael C. Hall.	1.0
4361395	Newark, Delaware is SevOne's innovation place.	1.0
3418631	Jack Dann is Wandering Stars' generator.	1.0
3824280	Kabul is Aurel Stein's nascence place.	0.0
3415850	Fifty Degrees Below's author is Kim Stanley Robinson.	1.0
3815053	Humphry Davy's death place is Penzance.	0.0
3834404	Aeschylus' birth place is Eleusis.	1.0
4350039	Futuremark's foundation place is Espoo.	1.0
3415705	A Door into Ocean's author is Cordwainer Smith.	0.0
3617690	Camp Rock stars Alyson Stoner.	1.0
4392731	Comarch's foundation place is Geneva.	0.0
3695379	2012 (film) stars Oliver Platt.	1.0
4310804	Nokia's foundation place is Providence, Rhode Island.	0.0
3658486	Superbad (film) stars Jonah Hill.	1.0
3416689	Anthony Quinn's author is Boston.	0.0
3483100	Options (novel)'s author is Robert Sheckley.	1.0
3831092	L. Sprague de Camp's death place is Plano, Texas.	1.0
3804758	Paris is Eugène Viollet-le-Duc's nascence place.	1.0
3612063	Last Action Hero stars Robert Wagner.	0.0
3243743	Steve Blake's team is Detroit Pistons.	0.0
3856334	BEA Systems' subsidiary is Plumtree Software.	1.0
3410114	Tim Burns is Mad Max's role.	0.0
4390665	SCO Group's foundation place is Santa Cruz, California.	1.0
3489523	Utah Jazz is Deron Williams' role.	0.0
3691489	Ghostbusters II stars Bill Murray.	1.0
3616902	Mean Girls stars Lizzy Caplan.	1.0
4364119	Salesforce.com's foundation place is California.	1.0
3856736	Gela is Aeschylus' last place.	1.0
3495645	Karan Singh Grover is Shraddha Nigam's better half.	1.0
3620617	Last Action Hero stars Maggie d'Abo	0.0
3853509	Cara Black's birth place is Harare.	1.0
3883128	Madison, Wisconsin is Otis Redding's death place.	1.0
3800008	Carthage (municipality) is Hannibal's last place.	0.0
4311543	Art Technology Group's foundation place is Troy, Michigan.	0.0
3424366	334 (novel)'s author is Thomas M. Disch.	1.0
3408653	Flowers for Algernon's author is E. E. Smith.	0.0
3408241	Canada is Wilfrid Laurier's role.	1.0
3311093	Vicente Aleixandre's award is Nobel Prize in Literature.	1.0
3231536	Derek Fisher's team is New Orleans Hornets.	0.0
3432784	Anwar Sadat's office is Croatia.	0.0
3225305	Indiana Pacers is Gerald Wallace's squad.	0.0
3311256	Nobel Prize in Literature is Carlos Filipe Ximenes Belo's award.	0.0
3620375	Stars Marilyn Ghigliotti has been clerked Clerks.	1.0
3474196	Japan is Kakuei Tanaka's better half.	0.0
3485541	Carice van Houten is Ronald Cheng's better half.	0.0
3418213	The Passion of New Eve's author is Angela Carter.	1.0
3814664	Hewlett-Packard's subsidiary is VLSI Technology.	0.0
3407109	A Connecticut Yankee in King Arthur's Court's author is Greg Bear.	0.0
3421176	Maria das Neves' office is Malaysia.	0.0
3828475	Max von Laue's birth place is Nobel Prize in Physics.	0.0
3418259	Eva Green's spouse is Marton Csokas.	1.0
3420908	Aimo Cajander's office is Tuvalu.	0.0
3319294	Nobel Prize in Literature is Max Planck's honour.	0.0
3611671	The Aristocats stars Laura Linney	0.0
3491329	Pamela Anderson's spouse is Sam Mendes.	0.0
4384080	Apple Inc.'s foundation place is Oulu.	0.0
3316080	Nobel Prize in Literature is Andrew Schally's honour.	0.0
3393891	Mikhail Sholokhov's award is Nobel Prize in Literature.	1.0
3298535	Thanasis Antetokounmpo's team is Milwaukee Bucks	1.0
4315590	Redxpress' foundation place is California.	0.0
3861690	Edinburgh is Arthur Conan Doyle's nascence place.	1.0
3485303	Kiichi Miyazawa's office is Luxembourg.	0.0
3817419	David Bowie's death place is New York City.	1.0
3219340	Charlotte Bobcats is Shane Battier's squad.	0.0
3312187	Nobel Prize in Literature is Dario Fo's award.	1.0
3405544	Denmark is Stjepan Mesić's role.	0.0
3619856	Love Actually stars Danny Glover.	0.0
3826772	Jimmy Carter's birth place is Plains, Georgia.	1.0
3417880	Worldwar: Upsetting the Balance's author is Harry Turtledove.	1.0
3641644	A Hard Day's Night (film) stars Lacey Chabert	0.0
3419123	Lord of Light's author is Roger Zelazny.	1.0
3210709	Derek Fisher's team is Boston Celtics.	0.0
3832346	Nelson, New Zealand is Ernest Rutherford's nascence place.	1.0
3227374	Chicago Bulls is Richard Jefferson's squad.	0.0
3813076	Albert Lea, Minnesota is Eddie Cochran's nascence place.	1.0
3400827	Lord of Light's author is William Gibson.	0.0
4366703	Providence, Rhode Island is SIMULIA's innovation place.	1.0
3873338	Alcalá de Henares is Ferdinand I, Holy Roman Emperor's birth place.	1.0
3620807	Stars Nokia, Finland has been Nokiaed Nokia.	0.0
3211646	Jakob Poeltl's team is San Antonio Spurs	1.0
4379929	Novato, California is MarkLogic's innovation place.	0.0
3485361	Wandering Stars' author is Piers Anthony.	0.0
3411239	Ionatana Ionatana's office is Tuvalu.	1.0
3617484	Last Action Hero stars Tom Noonan	1.0
3307350	Gao Xingjian's award is Nobel Prize in Literature.	1.0
3862804	John Lee Hooker's death place is Los Altos, California.	1.0
3660951	Love Actually stars Deepika Padukone.	0.0
3473856	Israel is Alec Douglas-Home's role.	0.0
3812907	Buenos Aires is Jorge Luis Borges' nascence place.	1.0
3605370	Edward Scissorhands stars Tim Burns.	0.0
3375008	Nobel Prize in Literature is Heike Kamerlingh Onnes' honour.	0.0
3359177	Temenos Group's award is Geneva.	0.0
3833157	Comte de Lautréamont's death place is Paris.	1.0
3329941	Nobel Prize in Physics is John Strutt, 3rd Baron Rayleigh's honour.	1.0
3313415	Max von Laue's award is Nobel Prize in Physics.	1.0
3887480	George Orwell's death place is London.	1.0
3449184	Level 7's author is Mordecai Roshwald.	1.0
3819118	Madrid is Bing Crosby's nascence place.	0.0
3211212	Terrance Ferguson's team is Oklahoma City Thunder	1.0
3212203	Ryan Arcidiacono's team is Chicago Bulls	1.0
3897442	San Francisco is Clint Eastwood's nascence place.	1.0
3413990	United Kingdom is Willem Drees' role.	0.0
3811478	Christian V of Denmark's birth place is Flensburg.	1.0
4369139	Toronto is Delrina's innovation place.	1.0
3460025	Israel is Yitzhak Shamir's role.	1.0
3221242	J. R. Smith's team is Houston Rockets.	0.0
3804697	Mary J. Blige's birth place is The Bronx.	1.0
3406806	Rihanna's spouse is Jennifer Lopez.	0.0
3868879	EBay's subsidiary is Billpoint.	1.0
3462271	Tom Cruise is Katie Holmes' better half.	1.0
3818227	Godzilla (1998 film)'s subsidiary is Harry Shearer.	0.0
3815427	Manchester is David Lloyd George's nascence place.	1.0
3815854	Toronto is Neil Young's subordinate.	0.0
3832413	Macromedia is Verisign's subordinate.	0.0
3491308	Do Androids Dream of Electric Sheep?'s author is Kurt Vonnegut.	0.0
3345223	Pierre Curie's award is Nobel Prize in Literature.	0.0
3800661	Camden, New Jersey is Walt Whitman's last place.	1.0
3811411	Paris is Eugène Viollet-le-Duc's last place.	0.0
3816230	Unquillo is David Nalbandian's nascence place.	1.0
3473888	Iraq is Louis Botha's role.	0.0
4338306	Vazgen Sargsyan's foundation place is Armenia.	0.0
3426616	Charlie Sheen's spouse is Michael C. Hall.	0.0
3811599	Archer, Florida is Bo Diddley's last place.	1.0
3419018	Nuremberg is Hermann Göring's author.	0.0
4313070	Huntington Beach, California is Acronis' innovation place.	0.0
3282167	Wayne Ellington's team is New York Knicks	1.0
3831784	Italo Calvino's birth place is Siena.	0.0
3237070	Atlanta Hawks is Dwight Howard's squad.	0.0
3250835	Kwame Brown's team is New York Knicks.	0.0
3456750	Good Omens' author is Terry Pratchett.	1.0
3461062	Belgium is Hafez al-Assad's role.	0.0
3420907	Ayumi Hamasaki is Diether Ocampo's better half.	0.0
3294145	Kevin Durant's team is Brooklyn Nets	1.0
3868828	Jefferson Davis' death place is New Orleans.	1.0
3615068	Edward Scissorhands stars Alan Arkin.	1.0
3326872	Gustaf Dalén's award is Nobel Prize in Physics.	1.0
4369308	Geneva is Temenos Group's innovation place.	1.0
3410035	Jo Cals' office is Netherlands.	1.0
3869804	The Hague is Slobodan Milošević's last place.	1.0
3621446	Predator (film) stars Kevin Peter Hall.	1.0
3216872	Daryl Macon's team is Miami Heat	1.0
3898410	Johnny Cash's death place is Nashville, Tennessee.	1.0
3654346	Mean Girls stars Lacey Chabert.	1.0
3360256	Charles Glover Barkla's award is Nobel Prize in Literature.	0.0
3874428	Ulm is Albert Einstein's last place.	0.0
3456720	The Wheels of Chance's author is H. G. Wells.	1.0
3474948	The Collected Short Fiction of C. J. Cherryh's author is C. J. Cherryh.	1.0
3412335	Netherlands is Abdullah Ahmad Badawi's role.	0.0
3355229	Robert Andrews Millikan's award is Nobel Prize in Physics.	1.0
3419640	Josip Broz Tito's office is Yugoslavia.	1.0
3417072	Netherlands is Jan Peter Balkenende's role.	1.0
3816210	Fred Zinnemann's birth place is Vienna.	1.0
3657619	High School Musical 2 stars Ashley Tisdale	1.0
3218245	Portland Trail Blazers is Carlos Boozer's squad.	0.0
3819075	EBay's subsidiary is Sling Media.	0.0
3416092	Abbie Cornish is Ronald Cheng's better half.	0.0
3644888	2012 (film) stars Amanda Peet.	1.0
3295194	Kyle Korver's team is Milwaukee Bucks	1.0
3392697	Pablo Neruda's award is Nobel Prize in Physics.	0.0
3669442	Mad Max stars Marlon Brando.	0.0
3818539	Love Actually's subsidiary is Hugh Grant.	0.0
3610286	Austin Powers: The Spy Who Shagged Me stars Lizzy Caplan.	0.0
3613178	2012 (film) stars Lucy Liu.	0.0
3621391	SCO Group stars Santa Cruz, California.	0.0
4359806	Czech Republic is Valve Corporation's innovation place.	0.0
3810045	Philadelphia is Noam Chomsky's nascence place.	1.0
3839333	Henry Wadsworth Longfellow's subsidiary is Cambridge, Massachusetts.	0.0
3312444	Ahmed Zewail's award is Nobel Prize in Literature.	0.0
3610626	A Hard Day's Night (film) stars Alan Rickman	0.0
3676376	The Right Stuff (film) stars Yuvika Chaudhary.	0.0
3405233	Ryan Phillippe's spouse is Adrien Brody.	0.0
3379194	Nobel Prize in Literature is Luigi Pirandello's honour.	1.0
3800999	Henryk Sienkiewicz's death place is Wola Okrzejska.	0.0
3421446	Mikhail Sholokhov's spouse is Nobel Prize in Literature.	0.0
3473828	Fallen Angels (science fiction novel)'s author is Michael F. Flynn.	1.0
3865261	Claude Auchinleck's birth place is Aldershot.	1.0
3224348	Kamal Haasan's team is Paramakudi.	0.0
3811429	Westwood Studios is Yahoo!'s subordinate.	0.0
3415847	Kill Bill's author is Uma Thurman.	0.0
3629301	Last Action Hero stars Bridgette Wilson	1.0
3889359	James Blish's birth place is Henley-on-Thames.	0.0
3821077	Jefferson Davis' subsidiary is New Orleans.	0.0
3329423	Charles Thomson Rees Wilson's award is Nobel Prize in Literature.	0.0
4339002	Jean Casimir-Perier's foundation place is France.	0.0
3811313	Claude Auchinleck's death place is Marrakesh.	1.0
3892571	Oxford is Roald Dahl's last place.	1.0
3406439	Barend Biesheuvel's office is Netherlands.	1.0
3311730	Kenzaburō Ōe's award is Nobel Prize in Literature.	1.0
3257797	Marc Gasol's team is Toronto Raptors	1.0
3487700	Laos is Kaysone Phomvihane's role.	1.0
3851704	Nenad Zimonjić's birth place is Belgrade.	1.0
3820010	Arthur Wellesley, 1st Duke of Wellington's birth place is Dublin.	1.0
3861019	Palo Alto, California is Steve Jobs' last place.	1.0
3815621	Hamburg is Heinrich Gustav Reichenbach's last place.	1.0
3890182	Duns Scotus' birth place is Duns.	1.0
3465770	Do Androids Dream of Electric Sheep?'s author is Philip K. Dick.	1.0
3453110	Manuel Azaña's office is Spain.	1.0
3422813	Andrés Calamaro's spouse is Julieta Cardinali.	1.0
4320323	New York City is GoldenSource's innovation place.	1.0
3610297	The Right Stuff (film) stars Scott Glenn	1.0
3490863	Orson Scott Card is Shadow of the Hegemon's generator.	1.0
3810128	Edward Bernays' birth place is Vienna.	1.0
3811138	Oracle Hyperion is Oracle Corporation's subordinate.	1.0
3871849	New York City is George Balanchine's last place.	1.0
3495016	Christopher Knight (actor)'s spouse is Adrianne Curry.	1.0
3816323	Alfonso XIII of Spain's death place is Madrid.	0.0
3300467	Nobel Prize in Literature is William Henry Bragg's honour.	0.0
3250712	Oklahoma City Thunder is Amir Johnson's squad.	0.0
3850944	Alexis Korner's death place is London.	1.0
3260703	Detroit Pistons is Ian Mahinmi's squad.	0.0
3371625	Nobel Prize in Literature is James Franck's honour.	0.0
3818179	London is Charlie Chaplin's nascence place.	1.0
3643300	Ed Wood (film) stars Patricia Arquette.	1.0
4300716	Palm, Inc.'s foundation place is San Francisco.	0.0
3620320	Edward Scissorhands stars Mel Gibson.	0.0
3265480	John Lucas III's team is Boston Celtics.	0.0
3813045	Ferdinand I, Holy Roman Emperor's death place is Vienna.	1.0
3820152	A. E. van Vogt's birth place is Winnipeg.	1.0
3816274	Vienna is Fred Zinnemann's last place.	0.0
3866281	Roy Orbison's death place is Hendersonville, Tennessee.	1.0
3483501	Portugal is José Manuel Barroso's role.	1.0
3321195	Frans Eemil Sillanpää's award is Nobel Prize in Literature.	1.0
3646687	Love Actually stars Alan Rickman.	1.0
3397161	Carlos Filipe Ximenes Belo's award is Nobel Peace Prize.	1.0
3234828	Andris Biedriņš's team is New York Knicks.	0.0
3871761	Edward Bernays' death place is Vienna.	0.0
3818794	Usher (entertainer)'s birth place is Dallas.	1.0
3813852	MailChannels' birth place is Vancouver.	0.0
3404185	Synthesis & Other Virtual Realities' author is Mary Rosenblum.	1.0
3253483	Nikola Jokic's team is Denver Nuggets	1.0
3445142	Tsutomu Hata's office is Japan.	1.0
3841776	Paris is Constantin Brâncuși's last place.	1.0
3869717	Cádiz is George Meade's last place.	0.0
3829132	Cologne is Duns Scotus' nascence place.	0.0
3223766	Chris Kaman's team is Los Angeles Lakers.	0.0
3496914	Japan is Barend Biesheuvel's role.	0.0
3455271	The Night of the Triffids' author is Simon Clark (novelist).	1.0
3612188	Superbad (film) stars Nick Jonas.	0.0
3818889	Herman Melville's death place is New York City.	1.0
3469591	H. H. Asquith's office is Belgium.	0.0
3259403	Nicolo Melli's team is New Orleans Pelicans	1.0
3299186	Detroit Pistons is Chris Kaman's squad.	0.0
3412510	Croatia is Stjepan Mesić's role.	1.0
3818361	Vienna is Ferdinand II of Portugal's nascence place.	1.0
3441378	Elton Brand's spouse is Dallas Mavericks.	0.0
3486566	Neal Stephenson is The Big U's generator.	1.0
3496147	Iraq is Abdul-Wahab Mirjan's role.	1.0
3857204	Babrak Karmal's birth place is Moscow.	0.0
3411296	Yevgeny Zamyatin is Castle (novel)'s author.	0.0
3873928	Los Angeles is Fred Astaire's last place.	1.0
3464073	Jeffrey Dean Morgan's spouse is Mary-Louise Parker.	1.0
3612106	Will Arnett stars Amy Poehler	0.0
3887440	George Bernard Shaw's birth place is Dublin.	1.0
3445018	Netherlands is Jelle Zijlstra's role.	1.0
3813375	Ernest Rutherford's death place is Cambridge.	1.0
3489736	A Door into Ocean's author is Joan Slonczewski.	1.0
3418757	Philip Wylie is Immodest Proposals' generator.	0.0
3615679	Charles Dickens stars Portsmouth.	0.0
3805994	Sydney is Allan Riverstone McCulloch's nascence place.	1.0
3215358	Chicago Bulls is Charlie Villanueva's squad.	0.0
4310255	Fujitsu's foundation place is Santa Cruz, California.	0.0
3275745	Los Angeles Clippers is Tyson Chandler's squad.	0.0
3420374	Lauri Ingman's office is Finland.	1.0
3414336	George Papandreou's office is Finland.	0.0
3318526	Romain Rolland's award is Nobel Prize in Literature.	1.0
3880519	Geneva is Humphry Davy's last place.	1.0
3405181	Jigme Thinley's office is Bhutan.	1.0
3434336	Nicky Wu is Saul Williams' better half.	0.0
3620210	On the Waterfront stars Matthew Broderick	0.0
3400832	Armenia is Mark Eyskens' role.	0.0
3813432	Delhi is Humayun's nascence place.	0.0
3403549	Poul Nyrup Rasmussen's office is Denmark.	1.0
3204695	Victor Oladipo's team is Indiana Pacers	1.0
4333788	New York City is Ansys' innovation place.	0.0
3415374	Israel is Wim Kok's role.	0.0
3884788	Ghostbusters II's subsidiary is Bill Murray.	0.0
3844887	Geneva is Humphry Davy's nascence place.	0.0
3234415	Chicago Bulls is Tayshaun Prince's squad.	0.0
3328211	Paul Heyse's award is Nobel Prize in Literature.	1.0
3816451	Nashville, Tennessee is George Jones' last place.	1.0
4314280	Yahoo!'s foundation place is Lafayette, California.	0.0
4328591	KickApps' foundation place is New York City.	1.0
3855715	Ljubljana is Josip Broz Tito's last place.	1.0
3459920	Miranda Raison is Raza Jaffrey's better half.	1.0
3419361	Robert F. Kennedy's author is Los Angeles.	0.0
4311330	QlikTech's foundation place is Bellevue, Washington.	0.0
3419884	Alan Rickman is Love Actually's better half.	0.0
3415105	Eisaku Satō's office is Laos.	0.0
3820586	Humphrey Bogart's death place is Los Angeles.	1.0
3696506	The Right Stuff (film) stars Lance Henriksen.	1.0
3365311	Karl von Frisch's award is Nobel Prize in Physiology or Medicine.	1.0
3694830	Camp Rock stars Sterling Holloway.	0.0
3876563	New York City is Edward Bernays' last place.	1.0
3812548	Englewood, New Jersey is Thelonious Monk's last place.	1.0
3865345	Aurel Stein's death place is Budapest.	0.0
3417968	We (novel)'s author is Hermann Hesse.	0.0
3810262	Savannah, Georgia is Johnny Mercer's nascence place.	1.0
3451470	Mark Eyskens' office is Japan.	0.0
3816666	Adelaide is Mark Woodforde's nascence place.	1.0
3414167	The Demolished Man's author is E. E. Smith.	0.0
